	0.8032	0.8043	1.5703	Source	Target
O2##bc1010##Metabolite##None	-0.1525294697219451	0.0	0.0	O2	bc1010
bc1010##L-Lysine##Microbe##O2_e0	0.04353770990384878	0.0	0.0	bc1010	L-Lysine
bc1010##UMP##Microbe##O2_e0	0.014282564257839837	0.0	0.0	bc1010	UMP
bc1010##K+##Microbe##O2_e0	0.00042802196856684386	0.0	0.0	bc1010	K+
bc1010##Cl-##Microbe##O2_e0	0.00042802196856808945	0.0	0.0	bc1010	Cl-
bc1010##TRHL##Microbe##O2_e0	0.009034576948351122	0.0	0.0	bc1010	TRHL
bc1010##Nicotinamide ribonucleotide##Microbe##O2_e0	0.0004280219685683248	0.0	0.0	bc1010	Nicotinamide ribonucleotide
bc1010##L-Arginine##Microbe##O2_e0	0.037628535548724126	0.0	0.0	bc1010	L-Arginine
bc1010##Mg##Microbe##O2_e0	0.00042802196856743605	0.0	0.0	bc1010	Mg
bc1010##CO2##Microbe##O2_e0	-1.1068172984247227	0.0	0.0	bc1010	CO2
bc1010##Niacin##Microbe##O2_e0	-0.00042802196856877613	0.0	0.0	bc1010	Niacin
bc1010##Myristic acid##Microbe##O2_e0	0.010355832441977467	0.0	0.0	bc1010	Myristic acid
bc1010##Glycine##Microbe##O2_e0	0.07605808036271322	0.0	0.0	bc1010	Glycine
bc1010##H2O##Microbe##O2_e0	-2.035646666388101	0.0	0.0	bc1010	H2O
bc1010##NADP##Microbe##O2_e0	0.0008560439371292261	0.0	0.0	bc1010	NADP
bc1010##ddca##Microbe##O2_e0	0.012533286795649867	0.0	0.0	bc1010	ddca
bc1010##Sulfate##Microbe##O2_e0	0.00042802196856825387	0.0	0.0	bc1010	Sulfate
bc1010##Deoxyguanosine##Microbe##O2_e0	0.0004280219685678887	0.0	0.0	bc1010	Deoxyguanosine
bc1010##NH3##Microbe##O2_e0	-0.00042802196856684386	0.0	0.0	bc1010	NH3
bc1010##2-Oxoglutarate##Microbe##O2_e0	0.0008560439371343456	0.0	0.0	bc1010	2-Oxoglutarate
bc1010##Adenosine##Microbe##O2_e0	0.005429182532255864	0.0	0.0	bc1010	Adenosine
bc1010##L-Asparagine##Microbe##O2_e0	0.030632616484611484	0.0	0.0	bc1010	L-Asparagine
bc1010##Ca2+##Microbe##O2_e0	0.00042802196856864185	0.0	0.0	bc1010	Ca2+
bc1010##Chorismate##Microbe##O2_e0	0.0008560439371334816	0.0	0.0	bc1010	Chorismate
bc1010##Folate##Microbe##O2_e0	0.001284065905705528	0.0	0.0	bc1010	Folate
bc1010##L-Leucine##Microbe##O2_e0	0.057257861854828306	0.0	0.0	bc1010	L-Leucine
bc1010##Succinate##Microbe##O2_e0	-0.0004280219685770172	0.0	0.0	bc1010	Succinate
bc1010##AMP##Microbe##O2_e0	0.010947842164899267	0.0	0.0	bc1010	AMP
bc1010##L-Cysteine##Microbe##O2_e0	0.011614584077313878	0.0	0.0	bc1010	L-Cysteine
bc1010##L-Threonine##Microbe##O2_e0	0.03219481200378336	0.0	0.0	bc1010	L-Threonine
bc1010##CMP##Microbe##O2_e0	0.012828279897476449	0.0	0.0	bc1010	CMP
bc1010##L-Aspartate##Microbe##O2_e0	0.030632616484611856	0.0	0.0	bc1010	L-Aspartate
bc1010##L-Glutamate##Microbe##O2_e0	0.021544818214012197	0.0	0.0	bc1010	L-Glutamate
bc1010##fe3##Microbe##O2_e0	0.001284065905708344	0.0	0.0	bc1010	fe3
bc1010##L-Serine##Microbe##O2_e0	0.03297900924325392	0.0	0.0	bc1010	L-Serine
bc1010##BET##Microbe##O2_e0	0.0008560439371353559	0.0	0.0	bc1010	BET
bc1010##Deoxycytidine##Microbe##O2_e0	0.003226662528354575	0.0	0.0	bc1010	Deoxycytidine
bc1010##BIOT##Microbe##O2_e0	0.00042802196856812425	0.0	0.0	bc1010	BIOT
bc1010##Glycerol##Microbe##O2_e0	0.009501165896947241	0.0	0.0	bc1010	Glycerol
bc1010##TTP##Microbe##O2_e0	0.0016597768706663203	0.0	0.0	bc1010	TTP
bc1010##4-Hydroxybenzoate##Microbe##O2_e0	0.0004280219685686679	0.0	0.0	bc1010	4-Hydroxybenzoate
bc1010##5-Aminolevulinate##Microbe##O2_e0	0.0034241757485407908	0.0	0.0	bc1010	5-Aminolevulinate
bc1010##Spermidine##Microbe##O2_e0	0.00042802196856754637	0.0	0.0	bc1010	Spermidine
bc1010##L-Phenylalanine##Microbe##O2_e0	0.023568775876184788	0.0	0.0	bc1010	L-Phenylalanine
bc1010##L-Isoleucine##Microbe##O2_e0	0.036881398561293674	0.0	0.0	bc1010	L-Isoleucine
bc1010##CoA##Microbe##O2_e0	0.0008560439371320325	0.0	0.0	bc1010	CoA
bc1010##O2##Microbe##O2_e0	1.0000000000000022	0.0	0.0	bc1010	O2
bc1010##S-Adenosyl-L-methionine##Microbe##O2_e0	0.0012840659057019655	0.0	0.0	bc1010	S-Adenosyl-L-methionine
bc1010##D-Glucose##Microbe##O2_e0	0.5655422262276018	0.0	0.0	bc1010	D-Glucose
bc1010##Fumarate##Microbe##O2_e0	0.00042802196857152615	0.0	0.0	bc1010	Fumarate
bc1010##Acetate##Microbe##O2_e0	-0.8742067936044142	0.0	0.0	bc1010	Acetate
bc1010##Zn2+##Microbe##O2_e0	0.0004280219685693922	0.0	0.0	bc1010	Zn2+
bc1010##Oxidized glutathione##Microbe##O2_e0	0.0002140109842830976	0.0	0.0	bc1010	Oxidized glutathione
bc1010##dATP##Microbe##O2_e0	0.0016597768706660288	0.0	0.0	bc1010	dATP
bc1010##L-Histidine##Microbe##O2_e0	0.012090034887496852	0.0	0.0	bc1010	L-Histidine
bc1010##Ala-Ala##Microbe##O2_e0	0.0038148532062737073	0.0	0.0	bc1010	Ala-Ala
bc1010##L-Valine##Microbe##O2_e0	0.05372594155061478	0.0	0.0	bc1010	L-Valine
bc1010##Heme##Microbe##O2_e0	0.0004280219685660604	0.0	0.0	bc1010	Heme
bc1010##L-Tyrosine##Microbe##O2_e0	0.018406738508493184	0.0	0.0	bc1010	L-Tyrosine
bc1010##Riboflavin##Microbe##O2_e0	0.001284065905704562	0.0	0.0	bc1010	Riboflavin
bc1010##H+##Microbe##O2_e0	-0.7846525849736092	0.0	0.0	bc1010	H+
bc1010##GTP##Microbe##O2_e0	0.02065353063493762	0.0	0.0	bc1010	GTP
bc1010##Pyridoxal##Microbe##O2_e0	0.0004280219685698141	0.0	0.0	bc1010	Pyridoxal
bc1010##L-Alanine##Microbe##O2_e0	0.06908745728988683	0.0	0.0	bc1010	L-Alanine
bc1010##Mn2+##Microbe##O2_e0	0.00042802196856917804	0.0	0.0	bc1010	Mn2+
bc1010##L-Methionine##Microbe##O2_e0	0.01863743928034579	0.0	0.0	bc1010	L-Methionine
bc1010##L-Tryptophan##Microbe##O2_e0	0.007199683697050819	0.0	0.0	bc1010	L-Tryptophan
bc1010##D-Arabinose##Microbe##O2_e0	0.01144455961881058	0.0	0.0	bc1010	D-Arabinose
bc1010##Cu2+##Microbe##O2_e0	0.00042802196856972155	0.0	0.0	bc1010	Cu2+
bc1010##dGTP##Microbe##O2_e0	0.0027986405597875148	0.0	0.0	bc1010	dGTP
bc1010##Thiamin##Microbe##O2_e0	0.0004280219685670963	0.0	0.0	bc1010	Thiamin
bc1010##Putrescine##Microbe##O2_e0	0.00042802196856711985	0.0	0.0	bc1010	Putrescine
bc1010##L-Glutamine##Microbe##O2_e0	0.04910483459504716	0.0	0.0	bc1010	L-Glutamine
bc1010##meso-2,6-Diaminopimelate##Microbe##O2_e0	0.0038148532062719943	0.0	0.0	bc1010	meso-2,6-Diaminopimelate
bc1010##L-Proline##Microbe##O2_e0	0.028119519345074683	0.0	0.0	bc1010	L-Proline
bc1010##1,2-Diacyl-sn-glycerol dioctadecanoyl##Microbe##O2_e0	0.019002331793892994	0.0	0.0	bc1010	1,2-Diacyl-sn-glycerol dioctadecanoyl
bc1010##Co2+##Microbe##O2_e0	0.0004280219685682492	0.0	0.0	bc1010	Co2+
bc1010##Nitrite##Microbe##O2_e0	-0.001712087874259175	0.0	0.0	bc1010	Nitrite
O2##bc1001##Metabolite##None	0.0	-0.1523613679485789	0.0	O2	bc1001
bc1001##5-Aminolevulinate##Microbe##O2_e0	0.0	0.003420401985849328	0.0	bc1001	5-Aminolevulinate
bc1001##AMP##Microbe##O2_e0	0.0	0.01181653456354351	0.0	bc1001	AMP
bc1001##Spermidine##Microbe##O2_e0	0.0	0.0004275502482366923	0.0	bc1001	Spermidine
bc1001##TRHL##Microbe##O2_e0	0.0	0.009024619997689949	0.0	bc1001	TRHL
bc1001##L-Proline##Microbe##O2_e0	0.0	0.028088528998919487	0.0	bc1001	L-Proline
bc1001##ddca##Microbe##O2_e0	0.0	0.011362362432943146	0.0	bc1001	ddca
bc1001##CoA##Microbe##O2_e0	0.0	0.0008551004964765887	0.0	bc1001	CoA
bc1001##Heme##Microbe##O2_e0	0.0	0.0004275502482361686	0.0	bc1001	Heme
bc1001##CO2##Microbe##O2_e0	0.0	-1.1044735886227475	0.0	bc1001	CO2
bc1001##L-Methionine##Microbe##O2_e0	0.0	0.018616899075226893	0.0	bc1001	L-Methionine
bc1001##L-Alanine##Microbe##O2_e0	0.0	0.06901131643584076	0.0	bc1001	L-Alanine
bc1001##Sulfate##Microbe##O2_e0	0.0	0.0004275502482353914	0.0	bc1001	Sulfate
bc1001##L-Phenylalanine##Microbe##O2_e0	0.0	0.023542800875893576	0.0	bc1001	L-Phenylalanine
bc1001##4-Hydroxybenzoate##Microbe##O2_e0	0.0	0.00042755024823928336	0.0	bc1001	4-Hydroxybenzoate
bc1001##NADP##Microbe##O2_e0	0.0	0.0008551004964613371	0.0	bc1001	NADP
bc1001##fe3##Microbe##O2_e0	0.0	0.0012826507447264016	0.0	bc1001	fe3
bc1001##Myristic acid##Microbe##O2_e0	0.0	0.011501530849753326	0.0	bc1001	Myristic acid
bc1001##Deoxycytidine##Microbe##O2_e0	0.0	0.0035162881768564715	0.0	bc1001	Deoxycytidine
bc1001##Ca2+##Microbe##O2_e0	0.0	0.0004275502482353936	0.0	bc1001	Ca2+
bc1001##D-Arabinose##Microbe##O2_e0	0.0	0.011431946641344282	0.0	bc1001	D-Arabinose
bc1001##Pyridoxal##Microbe##O2_e0	0.0	0.0004275502482370468	0.0	bc1001	Pyridoxal
bc1001##BET##Microbe##O2_e0	0.0	0.0008551004964792141	0.0	bc1001	BET
bc1001##Chorismate##Microbe##O2_e0	0.0	0.0008551004964822244	0.0	bc1001	Chorismate
bc1001##TTP##Microbe##O2_e0	0.0	0.001364462721009687	0.0	bc1001	TTP
bc1001##L-Isoleucine##Microbe##O2_e0	0.0	0.03684075180290938	0.0	bc1001	L-Isoleucine
bc1001##H+##Microbe##O2_e0	0.0	-0.7833684410655245	0.0	bc1001	H+
bc1001##Cl-##Microbe##O2_e0	0.0	0.00042755024823390913	0.0	bc1001	Cl-
bc1001##L-Tryptophan##Microbe##O2_e0	0.0	0.007191748970735577	0.0	bc1001	L-Tryptophan
bc1001##Cu2+##Microbe##O2_e0	0.0	0.00042755024823509455	0.0	bc1001	Cu2+
bc1001##K+##Microbe##O2_e0	0.0	0.00042755024823795467	0.0	bc1001	K+
bc1001##dATP##Microbe##O2_e0	0.0	0.001364462721004886	0.0	bc1001	dATP
bc1001##L-Glutamate##Microbe##O2_e0	0.0	0.03890142056776602	0.0	bc1001	L-Glutamate
bc1001##L-Cysteine##Microbe##O2_e0	0.0	0.011601783716939103	0.0	bc1001	L-Cysteine
bc1001##Formate##Microbe##O2_e0	0.0	0.00042755024823842896	0.0	bc1001	Formate
bc1001##Nitrite##Microbe##O2_e0	0.0	-0.0021377512411104673	0.0	bc1001	Nitrite
bc1001##L-Leucine##Microbe##O2_e0	0.0	0.05719475832385457	0.0	bc1001	L-Leucine
bc1001##Folate##Microbe##O2_e0	0.0	0.0012826507447029547	0.0	bc1001	Folate
bc1001##L-Histidine##Microbe##O2_e0	0.0	0.012076710535761228	0.0	bc1001	L-Histidine
bc1001##S-Adenosyl-L-methionine##Microbe##O2_e0	0.0	0.0012826507447161763	0.0	bc1001	S-Adenosyl-L-methionine
bc1001##L-Threonine##Microbe##O2_e0	0.0	0.032159330303095035	0.0	bc1001	L-Threonine
bc1001##L-Glutamine##Microbe##O2_e0	0.0	0.032525470197850126	0.0	bc1001	L-Glutamine
bc1001##Adenosine##Microbe##O2_e0	0.0	0.0045424411173155595	0.0	bc1001	Adenosine
bc1001##Riboflavin##Microbe##O2_e0	0.0	0.001282650744711323	0.0	bc1001	Riboflavin
bc1001##L-Aspartate##Microbe##O2_e0	0.0	0.030598856469821547	0.0	bc1001	L-Aspartate
bc1001##H2O##Microbe##O2_e0	0.0	-2.0183187484056977	0.0	bc1001	H2O
bc1001##1,2-Diacyl-sn-glycerol dioctadecanoyl##Microbe##O2_e0	0.0	0.018981389443022606	0.0	bc1001	1,2-Diacyl-sn-glycerol dioctadecanoyl
bc1001##Thiamin##Microbe##O2_e0	0.0	0.0004275502482385666	0.0	bc1001	Thiamin
bc1001##BIOT##Microbe##O2_e0	0.0	0.00042755024823746727	0.0	bc1001	BIOT
bc1001##L-Lysine##Microbe##O2_e0	0.0	0.04348972726642104	0.0	bc1001	L-Lysine
bc1001##Putrescine##Microbe##O2_e0	0.0	0.0004275502482381751	0.0	bc1001	Putrescine
bc1001##meso-2,6-Diaminopimelate##Microbe##O2_e0	0.0	0.0038106488804339374	0.0	bc1001	meso-2,6-Diaminopimelate
bc1001##dGTP##Microbe##O2_e0	0.0	0.0030887379286183027	0.0	bc1001	dGTP
bc1001##Deoxyguanosine##Microbe##O2_e0	0.0	0.00042755024823657546	0.0	bc1001	Deoxyguanosine
bc1001##GTP##Microbe##O2_e0	0.0	0.020630768508165868	0.0	bc1001	GTP
bc1001##Oxidized glutathione##Microbe##O2_e0	0.0	0.00021377512411040325	0.0	bc1001	Oxidized glutathione
bc1001##L-Valine##Microbe##O2_e0	0.0	0.05366673052689175	0.0	bc1001	L-Valine
bc1001##Mg##Microbe##O2_e0	0.0	0.000427550248235873	0.0	bc1001	Mg
bc1001##Niacin##Microbe##O2_e0	0.0	-0.00042755024822987357	0.0	bc1001	Niacin
bc1001##CMP##Microbe##O2_e0	0.0	0.012814141930543707	0.0	bc1001	CMP
bc1001##L-Serine##Microbe##O2_e0	0.0	0.032515113035465545	0.0	bc1001	L-Serine
bc1001##Nicotinamide ribonucleotide##Microbe##O2_e0	0.0	0.0004275502482176352	0.0	bc1001	Nicotinamide ribonucleotide
bc1001##O2##Microbe##O2_e0	0.0	0.9999999999999996	0.0	bc1001	O2
bc1001##L-Asparagine##Microbe##O2_e0	0.0	0.030598856469820565	0.0	bc1001	L-Asparagine
bc1001##N-Acetyl-D-glucosamine##Microbe##O2_e0	0.0	0.01567014577001474	0.0	bc1001	N-Acetyl-D-glucosamine
bc1001##Co2+##Microbe##O2_e0	0.0	0.0004275502482358986	0.0	bc1001	Co2+
bc1001##D-Glucose##Microbe##O2_e0	0.0	0.5486868532173556	0.0	bc1001	D-Glucose
bc1001##Zn2+##Microbe##O2_e0	0.0	0.0004275502482345031	0.0	bc1001	Zn2+
bc1001##L-Tyrosine##Microbe##O2_e0	0.0	0.01838645255725516	0.0	bc1001	L-Tyrosine
bc1001##Glycerol##Microbe##O2_e0	0.0	0.009490694721512368	0.0	bc1001	Glycerol
bc1001##Acetate##Microbe##O2_e0	0.0	-0.8889466996587707	0.0	bc1001	Acetate
bc1001##Glycine##Microbe##O2_e0	0.0	0.07640180747689031	0.0	bc1001	Glycine
bc1001##L-Arginine##Microbe##O2_e0	0.0	0.037587065375346625	0.0	bc1001	L-Arginine
bc1001##UMP##Microbe##O2_e0	0.0	0.014266823533210427	0.0	bc1001	UMP
bc1001##Ala-Ala##Microbe##O2_e0	0.0	0.0038106488804391676	0.0	bc1001	Ala-Ala
bc1001##Mn2+##Microbe##O2_e0	0.0	0.00042755024823868786	0.0	bc1001	Mn2+
O2##bc1009##Metabolite##None	0.0	1.5681502229731277	0.0	O2	bc1009
bc1009##5-Aminolevulinate##Microbe##O2_e0	0.0	-0.03520383289527107	0.0	bc1009	5-Aminolevulinate
bc1009##D-Glucose##Microbe##O2_e0	0.0	0.0	0.0	bc1009	D-Glucose
bc1009##L-Methionine##Microbe##O2_e0	0.0	-0.19161087110863378	0.0	bc1009	L-Methionine
bc1009##L-Alanine##Microbe##O2_e0	0.0	-0.7102857680635324	0.0	bc1009	L-Alanine
bc1009##Mg##Microbe##O2_e0	0.0	-0.004400479111806291	0.0	bc1009	Mg
bc1009##Cl-##Microbe##O2_e0	0.0	-0.004400479111874599	0.0	bc1009	Cl-
bc1009##CoA##Microbe##O2_e0	0.0	-0.008800958223729312	0.0	bc1009	CoA
bc1009##L-Lysine##Microbe##O2_e0	0.0	-0.4476096954768318	0.0	bc1009	L-Lysine
bc1009##meso-2,6-Diaminopimelate##Microbe##O2_e0	0.0	-0.03922037437707734	0.0	bc1009	meso-2,6-Diaminopimelate
bc1009##Oxidized glutathione##Microbe##O2_e0	0.0	-0.002200239555919349	0.0	bc1009	Oxidized glutathione
bc1009##fe3##Microbe##O2_e0	0.0	-0.013201437335477448	0.0	bc1009	fe3
bc1009##Pyridoxal##Microbe##O2_e0	0.0	-0.0044004791117968805	0.0	bc1009	Pyridoxal
bc1009##L-Proline##Microbe##O2_e0	0.0	-0.2890958095589402	0.0	bc1009	L-Proline
bc1009##BIOT##Microbe##O2_e0	0.0	-0.004400479111789255	0.0	bc1009	BIOT
bc1009##L-Arginine##Microbe##O2_e0	0.0	-0.3868576775259156	0.0	bc1009	L-Arginine
bc1009##CMP##Microbe##O2_e0	0.0	-0.13188710364130127	0.0	bc1009	CMP
bc1009##Ca2+##Microbe##O2_e0	0.0	-0.0044004791117309445	0.0	bc1009	Ca2+
bc1009##1,2-Diacyl-sn-glycerol dioctadecanoyl##Microbe##O2_e0	0.0	-0.19536231846816915	0.0	bc1009	1,2-Diacyl-sn-glycerol dioctadecanoyl
bc1009##L-Glutamate##Microbe##O2_e0	0.0	-0.40038542682207456	0.0	bc1009	L-Glutamate
bc1009##Glycine##Microbe##O2_e0	0.0	-0.7863509828219809	0.0	bc1009	Glycine
bc1009##D-Arabinose##Microbe##O2_e0	0.0	-0.11766112313058569	0.0	bc1009	D-Arabinose
bc1009##L-Leucine##Microbe##O2_e0	0.0	-0.5886661049717017	0.0	bc1009	L-Leucine
bc1009##L-Tyrosine##Microbe##O2_e0	0.0	-0.18923904442148498	0.0	bc1009	L-Tyrosine
bc1009##Cu2+##Microbe##O2_e0	0.0	-0.0044004791117664655	0.0	bc1009	Cu2+
bc1009##PPi##Microbe##O2_e0	0.0	0.045500693414223796	0.0	bc1009	PPi
bc1009##O2##Microbe##O2_e0	0.0	0.9999999999999888	0.0	bc1009	O2
bc1009##Ala-Ala##Microbe##O2_e0	0.0	-0.03922037437709581	0.0	bc1009	Ala-Ala
bc1009##L-Isoleucine##Microbe##O2_e0	0.0	-0.37917638789999875	0.0	bc1009	L-Isoleucine
bc1009##dGTP##Microbe##O2_e0	0.0	-0.018525633168150195	0.0	bc1009	dGTP
bc1009##Folate##Microbe##O2_e0	0.0	-0.013201437335394792	0.0	bc1009	Folate
bc1009##Thiamin##Microbe##O2_e0	0.0	-0.004400479111875348	0.0	bc1009	Thiamin
bc1009##TRHL##Microbe##O2_e0	0.0	-0.09288417432907542	0.0	bc1009	TRHL
bc1009##L-Cysteine##Microbe##O2_e0	0.0	-0.11940913873091473	0.0	bc1009	L-Cysteine
bc1009##Deoxycytidine##Microbe##O2_e0	0.0	-0.022926112280091813	0.0	bc1009	Deoxycytidine
bc1009##AMP##Microbe##O2_e0	0.0	-0.1639711475487276	0.0	bc1009	AMP
bc1009##Deoxyguanosine##Microbe##O2_e0	0.0	-0.004400479111973303	0.0	bc1009	Deoxyguanosine
bc1009##L-Glutamine##Microbe##O2_e0	0.0	-0.33476217777401696	0.0	bc1009	L-Glutamine
bc1009##TTP##Microbe##O2_e0	0.0	-0.027321799612332786	0.0	bc1009	TTP
bc1009##4-Hydroxybenzoate##Microbe##O2_e0	0.0	-0.004400479111585034	0.0	bc1009	4-Hydroxybenzoate
bc1009##CO2##Microbe##O2_e0	0.0	0.07307417874863455	0.0	bc1009	CO2
bc1009##Putrescine##Microbe##O2_e0	0.0	-0.004400479111775558	0.0	bc1009	Putrescine
bc1009##NADP##Microbe##O2_e0	0.0	-0.013201437335269031	0.0	bc1009	NADP
bc1009##Acetate##Microbe##O2_e0	0.0	-2.109991248699458	0.0	bc1009	Acetate
bc1009##L-Phenylalanine##Microbe##O2_e0	0.0	-0.24230977274629997	0.0	bc1009	L-Phenylalanine
bc1009##Mn2+##Microbe##O2_e0	0.0	-0.004400479111820128	0.0	bc1009	Mn2+
bc1009##Glycerol##Microbe##O2_e0	0.0	-0.09768115923408875	0.0	bc1009	Glycerol
bc1009##GTP##Microbe##O2_e0	0.0	-0.21233823686255743	0.0	bc1009	GTP
bc1009##L-Tryptophan##Microbe##O2_e0	0.0	-0.07401970003204209	0.0	bc1009	L-Tryptophan
bc1009##Riboflavin##Microbe##O2_e0	0.0	-0.013201437337314692	0.0	bc1009	Riboflavin
bc1009##L-Valine##Microbe##O2_e0	0.0	-0.5523545540126539	0.0	bc1009	L-Valine
bc1009##Spermidine##Microbe##O2_e0	0.0	-0.004400479111811919	0.0	bc1009	Spermidine
bc1009##NH3##Microbe##O2_e0	0.0	0.022002395558836624	0.0	bc1009	NH3
bc1009##L-Serine##Microbe##O2_e0	0.0	-0.33465557866200585	0.0	bc1009	L-Serine
bc1009##Sulfate##Microbe##O2_e0	0.0	-0.004400479111789035	0.0	bc1009	Sulfate
bc1009##H+##Microbe##O2_e0	0.0	-3.237518530374986	0.0	bc1009	H+
bc1009##UMP##Microbe##O2_e0	0.0	-0.14683855104466723	0.0	bc1009	UMP
bc1009##Formate##Microbe##O2_e0	0.0	-0.0044004791118701205	0.0	bc1009	Formate
bc1009##K+##Microbe##O2_e0	0.0	-0.004400479111794742	0.0	bc1009	K+
bc1009##S-Adenosyl-L-methionine##Microbe##O2_e0	0.0	-0.013201437335185954	0.0	bc1009	S-Adenosyl-L-methionine
bc1009##Myristic acid##Microbe##O2_e0	0.0	-0.1535811381734529	0.0	bc1009	Myristic acid
bc1009##Niacin##Microbe##O2_e0	0.0	0.00440047911186714	0.0	bc1009	Niacin
bc1009##Co2+##Microbe##O2_e0	0.0	-0.004400479111755977	0.0	bc1009	Co2+
bc1009##L-Asparagine##Microbe##O2_e0	0.0	-0.3149328746644488	0.0	bc1009	L-Asparagine
bc1009##Heme##Microbe##O2_e0	0.0	-0.004400479111770803	0.0	bc1009	Heme
bc1009##L-Histidine##Microbe##O2_e0	0.0	-0.12429723212934707	0.0	bc1009	L-Histidine
bc1009##Chorismate##Microbe##O2_e0	0.0	-0.00880095822354642	0.0	bc1009	Chorismate
bc1009##H2O##Microbe##O2_e0	0.0	9.406774474283035	0.0	bc1009	H2O
bc1009##BET##Microbe##O2_e0	0.0	-0.0088009582231624	0.0	bc1009	BET
bc1009##Zn2+##Microbe##O2_e0	0.0	-0.004400479111964089	0.0	bc1009	Zn2+
bc1009##L-Threonine##Microbe##O2_e0	0.0	-0.330993752973338	0.0	bc1009	L-Threonine
bc1009##dATP##Microbe##O2_e0	0.0	-0.027321799612463175	0.0	bc1009	dATP
bc1009##L-Aspartate##Microbe##O2_e0	0.0	-0.3149328746644718	0.0	bc1009	L-Aspartate
bc1009##N-Acetyl-D-glucosamine##Microbe##O2_e0	0.0	-0.16128197661967547	0.0	bc1009	N-Acetyl-D-glucosamine
bc1009##ddca##Microbe##O2_e0	0.0	-0.08174110808718654	0.0	bc1009	ddca
D-Glucose##bc1010##Metabolite##None	0.2697048295392189	0.0	0.0	D-Glucose	bc1010
bc1010##L-Lysine##Microbe##D-Glucose_e0	-0.07698401266031622	0.0	0.0	bc1010	L-Lysine
bc1010##UMP##Microbe##D-Glucose_e0	-0.025254638107414937	0.0	0.0	bc1010	UMP
bc1010##K+##Microbe##D-Glucose_e0	-0.0007568346777957313	0.0	0.0	bc1010	K+
bc1010##Cl-##Microbe##D-Glucose_e0	-0.0007568346777979229	0.0	0.0	bc1010	Cl-
bc1010##TRHL##Microbe##D-Glucose_e0	-0.015975070524115398	0.0	0.0	bc1010	TRHL
bc1010##Nicotinamide ribonucleotide##Microbe##D-Glucose_e0	-0.0007568346777983457	0.0	0.0	bc1010	Nicotinamide ribonucleotide
bc1010##L-Arginine##Microbe##D-Glucose_e0	-0.0665353245145314	0.0	0.0	bc1010	L-Arginine
bc1010##Mg##Microbe##D-Glucose_e0	-0.000756834677796774	0.0	0.0	bc1010	Mg
bc1010##CO2##Microbe##D-Glucose_e0	1.9570904648582215	0.0	0.0	bc1010	CO2
bc1010##Niacin##Microbe##D-Glucose_e0	0.0007568346777991888	0.0	0.0	bc1010	Niacin
bc1010##Myristic acid##Microbe##D-Glucose_e0	-0.018311333728438222	0.0	0.0	bc1010	Myristic acid
bc1010##Glycine##Microbe##D-Glucose_e0	-0.13448700527642635	0.0	0.0	bc1010	Glycine
bc1010##H2O##Microbe##D-Glucose_e0	3.5994600791645746	0.0	0.0	bc1010	H2O
bc1010##NADP##Microbe##D-Glucose_e0	-0.0015136693555835453	0.0	0.0	bc1010	NADP
bc1010##ddca##Microbe##D-Glucose_e0	-0.022161540225302093	0.0	0.0	bc1010	ddca
bc1010##Sulfate##Microbe##D-Glucose_e0	-0.0007568346777982153	0.0	0.0	bc1010	Sulfate
bc1010##Deoxyguanosine##Microbe##D-Glucose_e0	-0.0007568346777975913	0.0	0.0	bc1010	Deoxyguanosine
bc1010##NH3##Microbe##D-Glucose_e0	0.0007568346777957313	0.0	0.0	bc1010	NH3
bc1010##2-Oxoglutarate##Microbe##D-Glucose_e0	-0.0015136693555926144	0.0	0.0	bc1010	2-Oxoglutarate
bc1010##Adenosine##Microbe##D-Glucose_e0	-0.009599959614812066	0.0	0.0	bc1010	Adenosine
bc1010##L-Asparagine##Microbe##D-Glucose_e0	-0.05416503854883402	0.0	0.0	bc1010	L-Asparagine
bc1010##Ca2+##Microbe##D-Glucose_e0	-0.0007568346777996181	0.0	0.0	bc1010	Ca2+
bc1010##Chorismate##Microbe##D-Glucose_e0	-0.0015136693555910907	0.0	0.0	bc1010	Chorismate
bc1010##Folate##Microbe##D-Glucose_e0	-0.002270504033396005	0.0	0.0	bc1010	Folate
bc1010##L-Leucine##Microbe##D-Glucose_e0	-0.10124418513673458	0.0	0.0	bc1010	L-Leucine
bc1010##Succinate##Microbe##D-Glucose_e0	0.000756834677810204	0.0	0.0	bc1010	Succinate
bc1010##AMP##Microbe##D-Glucose_e0	-0.019358133941519952	0.0	0.0	bc1010	AMP
bc1010##L-Cysteine##Microbe##D-Glucose_e0	-0.020537076700334042	0.0	0.0	bc1010	L-Cysteine
bc1010##L-Threonine##Microbe##D-Glucose_e0	-0.05692733541496314	0.0	0.0	bc1010	L-Threonine
bc1010##CMP##Microbe##D-Glucose_e0	-0.02268315132372412	0.0	0.0	bc1010	CMP
bc1010##L-Aspartate##Microbe##D-Glucose_e0	-0.054165038548835406	0.0	0.0	bc1010	L-Aspartate
bc1010##L-Glutamate##Microbe##D-Glucose_e0	-0.03809586130769583	0.0	0.0	bc1010	L-Glutamate
bc1010##fe3##Microbe##D-Glucose_e0	-0.0022705040334009973	0.0	0.0	bc1010	fe3
bc1010##L-Serine##Microbe##D-Glucose_e0	-0.058313964393494705	0.0	0.0	bc1010	L-Serine
bc1010##BET##Microbe##D-Glucose_e0	-0.0015136693555944025	0.0	0.0	bc1010	BET
bc1010##Deoxycytidine##Microbe##D-Glucose_e0	-0.0057054316702002126	0.0	0.0	bc1010	Deoxycytidine
bc1010##BIOT##Microbe##D-Glucose_e0	-0.000756834677797997	0.0	0.0	bc1010	BIOT
bc1010##Glycerol##Microbe##D-Glucose_e0	-0.016800099897622014	0.0	0.0	bc1010	Glycerol
bc1010##TTP##Microbe##D-Glucose_e0	-0.0029348416328479087	0.0	0.0	bc1010	TTP
bc1010##4-Hydroxybenzoate##Microbe##D-Glucose_e0	-0.0007568346777989839	0.0	0.0	bc1010	4-Hydroxybenzoate
bc1010##5-Aminolevulinate##Microbe##D-Glucose_e0	-0.006054677422376505	0.0	0.0	bc1010	5-Aminolevulinate
bc1010##Spermidine##Microbe##D-Glucose_e0	-0.0007568346777970862	0.0	0.0	bc1010	Spermidine
bc1010##L-Phenylalanine##Microbe##D-Glucose_e0	-0.04167465271938813	0.0	0.0	bc1010	L-Phenylalanine
bc1010##L-Isoleucine##Microbe##D-Glucose_e0	-0.06521422601333918	0.0	0.0	bc1010	L-Isoleucine
bc1010##CoA##Microbe##D-Glucose_e0	-0.0015136693555885313	0.0	0.0	bc1010	CoA
bc1010##O2##Microbe##D-Glucose_e0	-1.7682145622801937	0.0	0.0	bc1010	O2
bc1010##S-Adenosyl-L-methionine##Microbe##D-Glucose_e0	-0.0022705040333897207	0.0	0.0	bc1010	S-Adenosyl-L-methionine
bc1010##D-Glucose##Microbe##D-Glucose_e0	-1.0000000000000004	0.0	0.0	bc1010	D-Glucose
bc1010##Fumarate##Microbe##D-Glucose_e0	-0.000756834677801927	0.0	0.0	bc1010	Fumarate
bc1010##Acetate##Microbe##D-Glucose_e0	1.545785182895604	0.0	0.0	bc1010	Acetate
bc1010##Zn2+##Microbe##D-Glucose_e0	-0.0007568346778008412	0.0	0.0	bc1010	Zn2+
bc1010##Oxidized glutathione##Microbe##D-Glucose_e0	-0.00037841733889740523	0.0	0.0	bc1010	Oxidized glutathione
bc1010##dATP##Microbe##D-Glucose_e0	-0.0029348416328475297	0.0	0.0	bc1010	dATP
bc1010##L-Histidine##Microbe##D-Glucose_e0	-0.02137777574654763	0.0	0.0	bc1010	L-Histidine
bc1010##Ala-Ala##Microbe##D-Glucose_e0	-0.00674547899229449	0.0	0.0	bc1010	Ala-Ala
bc1010##L-Valine##Microbe##D-Glucose_e0	-0.09499899222201134	0.0	0.0	bc1010	L-Valine
bc1010##Heme##Microbe##D-Glucose_e0	-0.000756834677794342	0.0	0.0	bc1010	Heme
bc1010##L-Tyrosine##Microbe##D-Glucose_e0	-0.032547063074801506	0.0	0.0	bc1010	L-Tyrosine
bc1010##Riboflavin##Microbe##D-Glucose_e0	-0.002270504033394306	0.0	0.0	bc1010	Riboflavin
bc1010##H+##Microbe##D-Glucose_e0	1.387434127081199	0.0	0.0	bc1010	H+
bc1010##GTP##Microbe##D-Glucose_e0	-0.036519873631197027	0.0	0.0	bc1010	GTP
bc1010##Pyridoxal##Microbe##D-Glucose_e0	-0.0007568346778009864	0.0	0.0	bc1010	Pyridoxal
bc1010##L-Alanine##Microbe##D-Glucose_e0	-0.12216144805088953	0.0	0.0	bc1010	L-Alanine
bc1010##Mn2+##Microbe##D-Glucose_e0	-0.0007568346777998545	0.0	0.0	bc1010	Mn2+
bc1010##L-Methionine##Microbe##D-Glucose_e0	-0.032954991539120515	0.0	0.0	bc1010	L-Methionine
bc1010##L-Tryptophan##Microbe##D-Glucose_e0	-0.012730585556936609	0.0	0.0	bc1010	L-Tryptophan
bc1010##D-Arabinose##Microbe##D-Glucose_e0	-0.020236436976864704	0.0	0.0	bc1010	D-Arabinose
bc1010##Cu2+##Microbe##D-Glucose_e0	-0.0007568346778011934	0.0	0.0	bc1010	Cu2+
bc1010##dGTP##Microbe##D-Glucose_e0	-0.004948596992404271	0.0	0.0	bc1010	dGTP
bc1010##Thiamin##Microbe##D-Glucose_e0	-0.0007568346777961736	0.0	0.0	bc1010	Thiamin
bc1010##Putrescine##Microbe##D-Glucose_e0	-0.0007568346777962145	0.0	0.0	bc1010	Putrescine
bc1010##L-Glutamine##Microbe##D-Glucose_e0	-0.08682788360932256	0.0	0.0	bc1010	L-Glutamine
bc1010##meso-2,6-Diaminopimelate##Microbe##D-Glucose_e0	-0.006745478992292282	0.0	0.0	bc1010	meso-2,6-Diaminopimelate
bc1010##L-Proline##Microbe##D-Glucose_e0	-0.04972134359028056	0.0	0.0	bc1010	L-Proline
bc1010##1,2-Diacyl-sn-glycerol dioctadecanoyl##Microbe##D-Glucose_e0	-0.03360019979524152	0.0	0.0	bc1010	1,2-Diacyl-sn-glycerol dioctadecanoyl
bc1010##Co2+##Microbe##D-Glucose_e0	-0.0007568346777982517	0.0	0.0	bc1010	Co2+
bc1010##Nitrite##Microbe##D-Glucose_e0	0.003027338711169656	0.0	0.0	bc1010	Nitrite
D-Glucose##bc1009##Metabolite##None	0.0	-2.885690408700528	0.0	D-Glucose	bc1009
bc1009##5-Aminolevulinate##Microbe##D-Glucose_e0	0.0	0.06478165257839628	0.0	bc1009	5-Aminolevulinate
bc1009##D-Glucose##Microbe##D-Glucose_e0	0.0	2.5157653738006047e-13	0.0	bc1009	D-Glucose
bc1009##L-Methionine##Microbe##D-Glucose_e0	0.0	0.3525999262447019	0.0	bc1009	L-Methionine
bc1009##L-Alanine##Microbe##D-Glucose_e0	0.0	1.307058978349261	0.0	bc1009	L-Alanine
bc1009##Mg##Microbe##D-Glucose_e0	0.0	0.008097706572110746	0.0	bc1009	Mg
bc1009##Cl-##Microbe##D-Glucose_e0	0.0	0.008097706572236458	0.0	bc1009	Cl-
bc1009##CoA##Microbe##D-Glucose_e0	0.0	0.016195413144436302	0.0	bc1009	CoA
bc1009##L-Lysine##Microbe##D-Glucose_e0	0.0	0.8236857580072493	0.0	bc1009	L-Lysine
bc1009##meso-2,6-Diaminopimelate##Microbe##D-Glucose_e0	0.0	0.07217284193028198	0.0	bc1009	meso-2,6-Diaminopimelate
bc1009##Oxidized glutathione##Microbe##D-Glucose_e0	0.0	0.004048853286085384	0.0	bc1009	Oxidized glutathione
bc1009##fe3##Microbe##D-Glucose_e0	0.0	0.024293119716440017	0.0	bc1009	fe3
bc1009##Pyridoxal##Microbe##D-Glucose_e0	0.0	0.008097706572093443	0.0	bc1009	Pyridoxal
bc1009##L-Proline##Microbe##D-Glucose_e0	0.0	0.5319904895706175	0.0	bc1009	L-Proline
bc1009##BIOT##Microbe##D-Glucose_e0	0.0	0.008097706572079394	0.0	bc1009	BIOT
bc1009##L-Arginine##Microbe##D-Glucose_e0	0.0	0.7118906551262376	0.0	bc1009	L-Arginine
bc1009##CMP##Microbe##D-Glucose_e0	0.0	0.2426969970309516	0.0	bc1009	CMP
bc1009##Ca2+##Microbe##D-Glucose_e0	0.0	0.008097706571972256	0.0	bc1009	Ca2+
bc1009##1,2-Diacyl-sn-glycerol dioctadecanoyl##Microbe##D-Glucose_e0	0.0	0.3595032927114883	0.0	bc1009	1,2-Diacyl-sn-glycerol dioctadecanoyl
bc1009##L-Glutamate##Microbe##D-Glucose_e0	0.0	0.736784250027636	0.0	bc1009	L-Glutamate
bc1009##Glycine##Microbe##D-Glucose_e0	0.0	1.447033234290149	0.0	bc1009	Glycine
bc1009##D-Arabinose##Microbe##D-Glucose_e0	0.0	0.21651852578965664	0.0	bc1009	D-Arabinose
bc1009##L-Leucine##Microbe##D-Glucose_e0	0.0	1.0832559968797368	0.0	bc1009	L-Leucine
bc1009##L-Tyrosine##Microbe##D-Glucose_e0	0.0	0.3482353204678205	0.0	bc1009	L-Tyrosine
bc1009##Cu2+##Microbe##D-Glucose_e0	0.0	0.008097706572036458	0.0	bc1009	Cu2+
bc1009##PPi##Microbe##D-Glucose_e0	0.0	-0.0837298063993569	0.0	bc1009	PPi
bc1009##Ala-Ala##Microbe##D-Glucose_e0	0.0	0.07217284193031619	0.0	bc1009	Ala-Ala
bc1009##L-Isoleucine##Microbe##D-Glucose_e0	0.0	0.6977556421184058	0.0	bc1009	L-Isoleucine
bc1009##dGTP##Microbe##D-Glucose_e0	0.0	0.034090638234313755	0.0	bc1009	dGTP
bc1009##Folate##Microbe##D-Glucose_e0	0.0	0.02429311971628791	0.0	bc1009	Folate
bc1009##Thiamin##Microbe##D-Glucose_e0	0.0	0.008097706572237828	0.0	bc1009	Thiamin
bc1009##TRHL##Microbe##D-Glucose_e0	0.0	0.17092429478682267	0.0	bc1009	TRHL
bc1009##L-Cysteine##Microbe##D-Glucose_e0	0.0	0.2197352022140395	0.0	bc1009	L-Cysteine
bc1009##Deoxycytidine##Microbe##D-Glucose_e0	0.0	0.04218834480667354	0.0	bc1009	Deoxycytidine
bc1009##AMP##Microbe##D-Glucose_e0	0.0	0.30173765297043903	0.0	bc1009	AMP
bc1009##Deoxyguanosine##Microbe##D-Glucose_e0	0.0	0.008097706572418083	0.0	bc1009	Deoxyguanosine
bc1009##L-Glutamine##Microbe##D-Glucose_e0	0.0	0.6160251686644278	0.0	bc1009	L-Glutamine
bc1009##TTP##Microbe##D-Glucose_e0	0.0	0.050277233606016096	0.0	bc1009	TTP
bc1009##4-Hydroxybenzoate##Microbe##D-Glucose_e0	0.0	0.008097706571703583	0.0	bc1009	4-Hydroxybenzoate
bc1009##CO2##Microbe##D-Glucose_e0	0.0	-0.13447018892028417	0.0	bc1009	CO2
bc1009##Putrescine##Microbe##D-Glucose_e0	0.0	0.008097706572054185	0.0	bc1009	Putrescine
bc1009##NADP##Microbe##D-Glucose_e0	0.0	0.02429311971605697	0.0	bc1009	NADP
bc1009##Acetate##Microbe##D-Glucose_e0	0.0	3.882779480954373	0.0	bc1009	Acetate
bc1009##L-Phenylalanine##Microbe##D-Glucose_e0	0.0	0.44589541034066166	0.0	bc1009	L-Phenylalanine
bc1009##Mn2+##Microbe##D-Glucose_e0	0.0	0.008097706572136211	0.0	bc1009	Mn2+
bc1009##Glycerol##Microbe##D-Glucose_e0	0.0	0.17975164635575186	0.0	bc1009	Glycerol
bc1009##GTP##Microbe##D-Glucose_e0	0.0	0.39074216521994665	0.0	bc1009	GTP
bc1009##L-Tryptophan##Microbe##D-Glucose_e0	0.0	0.13621012534907773	0.0	bc1009	L-Tryptophan
bc1009##Riboflavin##Microbe##D-Glucose_e0	0.0	0.024293119719820903	0.0	bc1009	Riboflavin
bc1009##L-Valine##Microbe##D-Glucose_e0	0.0	1.0164359353878607	0.0	bc1009	L-Valine
bc1009##Spermidine##Microbe##D-Glucose_e0	0.0	0.008097706572120642	0.0	bc1009	Spermidine
bc1009##NH3##Microbe##D-Glucose_e0	0.0	-0.040488532860198385	0.0	bc1009	NH3
bc1009##L-Serine##Microbe##D-Glucose_e0	0.0	0.6158290063130153	0.0	bc1009	L-Serine
bc1009##Sulfate##Microbe##D-Glucose_e0	0.0	0.008097706572078995	0.0	bc1009	Sulfate
bc1009##H+##Microbe##D-Glucose_e0	0.0	5.957641069221088	0.0	bc1009	H+
bc1009##UMP##Microbe##D-Glucose_e0	0.0	0.2702104633660086	0.0	bc1009	UMP
bc1009##Formate##Microbe##D-Glucose_e0	0.0	0.008097706572228348	0.0	bc1009	Formate
bc1009##K+##Microbe##D-Glucose_e0	0.0	0.008097706572089367	0.0	bc1009	K+
bc1009##S-Adenosyl-L-methionine##Microbe##D-Glucose_e0	0.0	0.02429311971590355	0.0	bc1009	S-Adenosyl-L-methionine
bc1009##Myristic acid##Microbe##D-Glucose_e0	0.0	0.2826180877902016	0.0	bc1009	Myristic acid
bc1009##Niacin##Microbe##D-Glucose_e0	0.0	-0.008097706572234265	0.0	bc1009	Niacin
bc1009##Co2+##Microbe##D-Glucose_e0	0.0	0.008097706572017537	0.0	bc1009	Co2+
bc1009##L-Asparagine##Microbe##D-Glucose_e0	0.0	0.5795355333245129	0.0	bc1009	L-Asparagine
bc1009##Heme##Microbe##D-Glucose_e0	0.0	0.008097706572045449	0.0	bc1009	Heme
bc1009##L-Histidine##Microbe##D-Glucose_e0	0.0	0.22873021049197426	0.0	bc1009	L-Histidine
bc1009##Chorismate##Microbe##D-Glucose_e0	0.0	0.016195413144100276	0.0	bc1009	Chorismate
bc1009##H2O##Microbe##D-Glucose_e0	0.0	-17.310228624514014	0.0	bc1009	H2O
bc1009##BET##Microbe##D-Glucose_e0	0.0	0.01619541314339308	0.0	bc1009	BET
bc1009##Zn2+##Microbe##D-Glucose_e0	0.0	0.008097706572401117	0.0	bc1009	Zn2+
bc1009##L-Threonine##Microbe##D-Glucose_e0	0.0	0.6090905605229894	0.0	bc1009	L-Threonine
bc1009##dATP##Microbe##D-Glucose_e0	0.0	0.05027723360625623	0.0	bc1009	dATP
bc1009##L-Aspartate##Microbe##D-Glucose_e0	0.0	0.5795355333245551	0.0	bc1009	L-Aspartate
bc1009##N-Acetyl-D-glucosamine##Microbe##D-Glucose_e0	0.0	0.2967890742924286	0.0	bc1009	N-Acetyl-D-glucosamine
bc1009##ddca##Microbe##D-Glucose_e0	0.0	0.1504189637881328	0.0	bc1009	ddca
D-Glucose##bc1001##Metabolite##None	0.0	0.277683649708704	0.0	D-Glucose	bc1001
bc1001##5-Aminolevulinate##Microbe##D-Glucose_e0	0.0	-0.0062337961367089295	0.0	bc1001	5-Aminolevulinate
bc1001##AMP##Microbe##D-Glucose_e0	0.0	-0.02153602641334387	0.0	bc1001	AMP
bc1001##Spermidine##Microbe##D-Glucose_e0	0.0	-0.0007792245170984554	0.0	bc1001	Spermidine
bc1001##TRHL##Microbe##D-Glucose_e0	0.0	-0.016447669458037786	0.0	bc1001	TRHL
bc1001##L-Proline##Microbe##D-Glucose_e0	0.0	-0.05119227631246273	0.0	bc1001	L-Proline
bc1001##ddca##Microbe##D-Glucose_e0	0.0	-0.020708282632100363	0.0	bc1001	ddca
bc1001##CoA##Microbe##D-Glucose_e0	0.0	-0.0015584490342032198	0.0	bc1001	CoA
bc1001##Heme##Microbe##D-Glucose_e0	0.0	-0.0007792245170977323	0.0	bc1001	Heme
bc1001##CO2##Microbe##D-Glucose_e0	0.0	2.0129397709210712	0.0	bc1001	CO2
bc1001##L-Methionine##Microbe##D-Glucose_e0	0.0	-0.03392991642876473	0.0	bc1001	L-Methionine
bc1001##L-Alanine##Microbe##D-Glucose_e0	0.0	-0.1257754145760486	0.0	bc1001	L-Alanine
bc1001##Sulfate##Microbe##D-Glucose_e0	0.0	-0.0007792245170963163	0.0	bc1001	Sulfate
bc1001##L-Phenylalanine##Microbe##D-Glucose_e0	0.0	-0.04290753594303329	0.0	bc1001	L-Phenylalanine
bc1001##4-Hydroxybenzoate##Microbe##D-Glucose_e0	0.0	-0.0007792245171034159	0.0	bc1001	4-Hydroxybenzoate
bc1001##NADP##Microbe##D-Glucose_e0	0.0	-0.001558449034175482	0.0	bc1001	NADP
bc1001##fe3##Microbe##D-Glucose_e0	0.0	-0.0023376735513258268	0.0	bc1001	fe3
bc1001##Myristic acid##Microbe##D-Glucose_e0	0.0	-0.020961921690507725	0.0	bc1001	Myristic acid
bc1001##Deoxycytidine##Microbe##D-Glucose_e0	0.0	-0.006408551902123919	0.0	bc1001	Deoxycytidine
bc1001##Ca2+##Microbe##D-Glucose_e0	0.0	-0.0007792245170962647	0.0	bc1001	Ca2+
bc1001##D-Arabinose##Microbe##D-Glucose_e0	0.0	-0.020835102161297206	0.0	bc1001	D-Arabinose
bc1001##Pyridoxal##Microbe##D-Glucose_e0	0.0	-0.0007792245170993398	0.0	bc1001	Pyridoxal
bc1001##BET##Microbe##D-Glucose_e0	0.0	-0.0015584490342079962	0.0	bc1001	BET
bc1001##Chorismate##Microbe##D-Glucose_e0	0.0	-0.0015584490342134872	0.0	bc1001	Chorismate
bc1001##TTP##Microbe##D-Glucose_e0	0.0	-0.0024867785933065938	0.0	bc1001	TTP
bc1001##L-Isoleucine##Microbe##D-Glucose_e0	0.0	-0.06714349284457027	0.0	bc1001	L-Isoleucine
bc1001##H+##Microbe##D-Glucose_e0	0.0	1.427714982547975	0.0	bc1001	H+
bc1001##Cl-##Microbe##D-Glucose_e0	0.0	-0.0007792245170936153	0.0	bc1001	Cl-
bc1001##L-Tryptophan##Microbe##D-Glucose_e0	0.0	-0.013107201181448213	0.0	bc1001	L-Tryptophan
bc1001##Cu2+##Microbe##D-Glucose_e0	0.0	-0.0007792245170960959	0.0	bc1001	Cu2+
bc1001##K+##Microbe##D-Glucose_e0	0.0	-0.0007792245171003466	0.0	bc1001	K+
bc1001##dATP##Microbe##D-Glucose_e0	0.0	-0.0024867785932978664	0.0	bc1001	dATP
bc1001##L-Glutamate##Microbe##D-Glucose_e0	0.0	-0.07089913005872013	0.0	bc1001	L-Glutamate
bc1001##L-Cysteine##Microbe##D-Glucose_e0	0.0	-0.021144635868181022	0.0	bc1001	L-Cysteine
bc1001##Formate##Microbe##D-Glucose_e0	0.0	-0.0007792245171018526	0.0	bc1001	Formate
bc1001##Nitrite##Microbe##D-Glucose_e0	0.0	0.0038961225853611768	0.0	bc1001	Nitrite
bc1001##L-Leucine##Microbe##D-Glucose_e0	0.0	-0.10423934524488739	0.0	bc1001	L-Leucine
bc1001##Folate##Microbe##D-Glucose_e0	0.0	-0.002337673551283078	0.0	bc1001	Folate
bc1001##L-Histidine##Microbe##D-Glucose_e0	0.0	-0.02201020575752186	0.0	bc1001	L-Histidine
bc1001##S-Adenosyl-L-methionine##Microbe##D-Glucose_e0	0.0	-0.0023376735513071832	0.0	bc1001	S-Adenosyl-L-methionine
bc1001##L-Threonine##Microbe##D-Glucose_e0	0.0	-0.05861144679250328	0.0	bc1001	L-Threonine
bc1001##L-Glutamine##Microbe##D-Glucose_e0	0.0	-0.059278748902273415	0.0	bc1001	L-Glutamine
bc1001##Adenosine##Microbe##D-Glucose_e0	0.0	-0.00827874969243296	0.0	bc1001	Adenosine
bc1001##Riboflavin##Microbe##D-Glucose_e0	0.0	-0.0023376735512983344	0.0	bc1001	Riboflavin
bc1001##L-Aspartate##Microbe##D-Glucose_e0	0.0	-0.05576743144181081	0.0	bc1001	L-Aspartate
bc1001##H2O##Microbe##D-Glucose_e0	0.0	3.6784529036385756	0.0	bc1001	H2O
bc1001##1,2-Diacyl-sn-glycerol dioctadecanoyl##Microbe##D-Glucose_e0	0.0	-0.03459421222090608	0.0	bc1001	1,2-Diacyl-sn-glycerol dioctadecanoyl
bc1001##Thiamin##Microbe##D-Glucose_e0	0.0	-0.0007792245171021004	0.0	bc1001	Thiamin
bc1001##BIOT##Microbe##D-Glucose_e0	0.0	-0.0007792245171001017	0.0	bc1001	BIOT
bc1001##L-Lysine##Microbe##D-Glucose_e0	0.0	-0.07926147129534021	0.0	bc1001	L-Lysine
bc1001##Putrescine##Microbe##D-Glucose_e0	0.0	-0.0007792245171013941	0.0	bc1001	Putrescine
bc1001##meso-2,6-Diaminopimelate##Microbe##D-Glucose_e0	0.0	-0.00694503405373988	0.0	bc1001	meso-2,6-Diaminopimelate
bc1001##dGTP##Microbe##D-Glucose_e0	0.0	-0.005629327385022546	0.0	bc1001	dGTP
bc1001##Deoxyguanosine##Microbe##D-Glucose_e0	0.0	-0.0007792245170985003	0.0	bc1001	Deoxyguanosine
bc1001##GTP##Microbe##D-Glucose_e0	0.0	-0.03760026030730163	0.0	bc1001	GTP
bc1001##Oxidized glutathione##Microbe##D-Glucose_e0	0.0	-0.00038961225853464384	0.0	bc1001	Oxidized glutathione
bc1001##L-Valine##Microbe##D-Glucose_e0	0.0	-0.09780939749550033	0.0	bc1001	L-Valine
bc1001##Mg##Microbe##D-Glucose_e0	0.0	-0.0007792245170971964	0.0	bc1001	Mg
bc1001##Niacin##Microbe##D-Glucose_e0	0.0	0.000779224517087074	0.0	bc1001	Niacin
bc1001##CMP##Microbe##D-Glucose_e0	0.0	-0.023354198948643587	0.0	bc1001	CMP
bc1001##L-Serine##Microbe##D-Glucose_e0	0.0	-0.05925987263009004	0.0	bc1001	L-Serine
bc1001##Nicotinamide ribonucleotide##Microbe##D-Glucose_e0	0.0	-0.0007792245170639553	0.0	bc1001	Nicotinamide ribonucleotide
bc1001##O2##Microbe##D-Glucose_e0	0.0	-1.822533188350078	0.0	bc1001	O2
bc1001##L-Asparagine##Microbe##D-Glucose_e0	0.0	-0.05576743144180849	0.0	bc1001	L-Asparagine
bc1001##N-Acetyl-D-glucosamine##Microbe##D-Glucose_e0	0.0	-0.028559360732135518	0.0	bc1001	N-Acetyl-D-glucosamine
bc1001##Co2+##Microbe##D-Glucose_e0	0.0	-0.0007792245170972333	0.0	bc1001	Co2+
bc1001##D-Glucose##Microbe##D-Glucose_e0	0.0	-0.9999999999999978	0.0	bc1001	D-Glucose
bc1001##Zn2+##Microbe##D-Glucose_e0	0.0	-0.000779224517094694	0.0	bc1001	Zn2+
bc1001##L-Tyrosine##Microbe##D-Glucose_e0	0.0	-0.03350992000162167	0.0	bc1001	L-Tyrosine
bc1001##Glycerol##Microbe##D-Glucose_e0	0.0	-0.017297106110455134	0.0	bc1001	Glycerol
bc1001##Acetate##Microbe##D-Glucose_e0	0.0	1.6201348628023833	0.0	bc1001	Acetate
bc1001##Glycine##Microbe##D-Glucose_e0	0.0	-0.13924482977656552	0.0	bc1001	Glycine
bc1001##L-Arginine##Microbe##D-Glucose_e0	0.0	-0.06850367409925341	0.0	bc1001	L-Arginine
bc1001##UMP##Microbe##D-Glucose_e0	0.0	-0.026001759381609944	0.0	bc1001	UMP
bc1001##Ala-Ala##Microbe##D-Glucose_e0	0.0	-0.0069450340537494494	0.0	bc1001	Ala-Ala
bc1001##Mn2+##Microbe##D-Glucose_e0	0.0	-0.0007792245171023203	0.0	bc1001	Mn2+
bc1009##O2##Microbe##D-Glucose_e0	0.0	-1.8401874810370085	0.0	bc1009	O2
